会社名,URL,入力項目数,問題
"CURVA株式会社","https://curva-web.com/contact/",5,"エラー検出"
"株式会社D-ing","https://d-inginc.com/contact",5,"reCAPTCHA検出"
"特定非営利活動法人リテル","https://www.nporetell.or.jp/contact",4,"必須項目未入力1件"
"株式会社ENAS","https://enas.jp/inquiry/",6,"reCAPTCHA検出"
"BPOテクノロジー株式会社","https://fujiko-san.com/contact3/",10,"reCAPTCHA検出"
"TMS Partners株式会社","https://tms-partners.com/contact?refererID=2322",5,"reCAPTCHA検出"
"株式会社STORY","https://story-corp.jp/contact/",5,"エラー検出"
"株式会社トラックス","https://www.tlucks.co.jp/contact/",7,"reCAPTCHA検出"
"株式会社MomentumYouth","https://momentum-youth.co.jp/contact",8,"必須項目未入力1件"
"LIVE THE CREATIVE 株式会社","https://livethecreative.co.jp/contact/",5,"必須項目未入力1件; reCAPTCHA検出"
"株式会社MATES","https://mates-promo.com/contact/",6,"エラー検出"
"UNiDigi（株式会社エヌケービー）","https://nkb.unidigi-exp.com/nkb.co.jp/contact",8,"必須項目未入力1件"
"株式会社アイエムシー","https://ubimc.com/contact/",6,"reCAPTCHA検出"
"株式会社ネイビーグループ","https://navygroup.co.jp/contact/",6,"必須項目未入力1件; reCAPTCHA検出; エラー検出"
"ハマナス株式会社","https://www.hermanus.co.jp/contact",7,"必須項目未入力1件"
"b.mode株式会社","https://www.b-mode.info/contact/",8,"reCAPTCHA検出"
"株式会社Hew One's Way","https://how-inc.co.jp/contact/",4,"reCAPTCHA検出"
"b.mode株式会社","https://www.b-mode.info/contact/",8,"reCAPTCHA検出"
"株式会社LINPS","https://linps.co.jp/contact",11,"reCAPTCHA検出"
"オープンキッズベース株式会社","https://www.openkidsbase.co.jp/contact/",9,"エラー検出"
"株式会社グローバルマーケティング","https://gl-marketing.co.jp/contact/",8,"必須項目未入力1件; reCAPTCHA検出; エラー検出"
"Zokujin合同会社","https://zokujin.com/contact/",7,"reCAPTCHA検出; エラー検出"
"株式会社読売千葉広告社","https://www.yomiuri-adc.co.jp/contactus/",6,"エラー検出"
"株式会社M＆C","https://mandc.tokyo/contact",6,"reCAPTCHA検出"
"FAST BPO株式会社","https://www.fastbpo.co.jp/contact-6",4,"必須項目未入力2件"
"SugarBeats株式会社","https://sugarbeats.co.jp/contact/",5,"reCAPTCHA検出"
"株式会社Your Pro","https://yourpro.co.jp/contact-us",9,"reCAPTCHA検出"
"株式会社コンピュータ技研","https://www.kkctl.co.jp/contact",5,"エラー検出"
"株式会社Qoox","https://qoox.co.jp/contact/",8,"エラー検出"
"株式会社グラフトンノート","https://graphtone-note.co.jp/contact/",5,"reCAPTCHA検出"
"株式会社itoq","https://itoq.co.jp/contact",5,"reCAPTCHA検出"
"株式会社プラセム","https://plusem.co.jp/contact/",7,"エラー検出"
"ドコドア株式会社","https://docodoor.com/recruit/contact_recruit/",8,"reCAPTCHA検出"
"フレンドリーフラワー株式会社","http://friendly.co.jp/#Contact",3,"必須項目未入力1件"
"キタイステクノロジーズ","https://kitais.jp/contact",8,"必須項目未入力1件"
"瀬戸株式会社","https://sedo.co.jp/inquiry/",7,"reCAPTCHA検出"
"株式会社天職市場","https://ten.1049.cc/job/25474223",1,"入力項目が少ない(1項目); 名前・メール・メッセージなし"
"株式会社ウェブロッサム","https://weblossom.co.jp/inquiry/",5,"必須項目未入力1件"
"株式会社Looox","https://www.looox.jp/contact/",4,"必須項目未入力1件; reCAPTCHA検出"
"プライムナンバーズ株式会社","https://primenumbers.co.jp/contact/",9,"エラー検出"
"合同会社Breate","https://breate.net/contact/",8,"必須項目未入力1件"
"株式会社アサーティブ","https://assertive.co.jp/contact/",7,"エラー検出"
"株式会社スタビライザー","https://www.stabilizer.co.jp/contact/",4,"エラー検出"
"株式会社ビー・アンド・ディー","https://www.bdcorp.co.jp/form/contact/",8,"reCAPTCHA検出"
"株式会社 W-ENDLESS（ウェンドレス）","https://www.w-endless.co.jp/contact/",6,"エラー検出"
"株式会社サイトスコープ","https://sitescope.co.jp/contact",5,"必須項目未入力1件; reCAPTCHA検出"
"x-climb株式会社","https://x-climb.com/contact.html",4,"エラー検出; 名前・メールなし"
"ホームページの森","https://morisac.net/contact/",4,"reCAPTCHA検出"
"株式会社Nodo","https://www.nodo.co.jp/",6,"メール・メッセージなし"
"株式会社N’EXt Planning","https://nex-t-planning.co.jp/contact/",7,"reCAPTCHA検出; エラー検出"
"BLUEKNOT Inc.","https://www.blueknot.co.jp/contact/",9,"reCAPTCHA検出; エラー検出"
"株式会社フラット","https://www.flat-inc.jp/contact/",7,"reCAPTCHA検出"
"ASUE株式会社","https://info.asue.jp/contact/",9,"必須項目未入力1件"
"後藤ブランド株式会社","https://www.goto-brand.com/contact",8,"reCAPTCHA検出"
"株式会社MERY","https://www.mery.co.jp/contact",8,"必須項目未入力1件"
"株式会社フリーカンパニー","https://www.free-company.co.jp/contact",6,"reCAPTCHA検出"
"WASAVITO株式会社","https://wasavito.co.jp/inquiry/",5,"reCAPTCHA検出"
"株式会社トライアウト","https://tryout.co.jp/contact/",10,"reCAPTCHA検出"
"株式会社エフエーアイ","https://fai-marketing.jp/contact.html",6,"reCAPTCHA検出; エラー検出"
"株式会社スパイダー・ウェブマーケティング","https://spider-webmarketing.co.jp/contact/",14,"必須項目未入力1件; エラー検出"
"株式会社アンノウン","https://un-known.co.jp/contact",4,"reCAPTCHA検出"
"ネットギア株式会社","https://net-gear.net/contact",7,"必須項目未入力1件"
"株式会社クリエイトアソシエ","https://create-associe.co.jp/contact/",5,"エラー検出"
"株式会社関西ぱど","https://www.kansaipado.co.jp/inquiry/",6,"エラー検出"
"株式会社ソテルIT企画","https://soter.jp/contact/",8,"reCAPTCHA検出"
"株式会社ビットエー","https://bita.jp/contact/",6,"エラー検出"
"株式会社Her's","https://hers-net.co.jp/contact/",5,"エラー検出"
"株式会社採用戦略研究所 東京支社","https://rs-lab.jp/form/",8,"reCAPTCHA検出"
"東京アドエージェント株式会社","https://www.tokyoadagent.jp/info/contact.html",8,"必須項目未入力2件"
"株式会社Fore Rise（フォアライズ）","https://fore-rise.jp/contact/",1,"入力項目が少ない(1項目); 名前・メール・メッセージなし"
"meyco株式会社","https://meyco.co.jp/contact/",6,"必須項目未入力1件"
"株式会社キール","https://keel-web.com/contact/",5,"エラー検出"
"株式会社HAROO","https://haroo.co.jp/contact",8,"reCAPTCHA検出"
"株式会社ファインシステム","https://fine-system.co.jp/contact/",6,"必須項目未入力2件"
"株式会社NIBAL","https://nibal.co.jp/contact",7,"reCAPTCHA検出"
"株式会社ジャックアンドビーンズ","https://j-mamenoki.co.jp/contact-all/",7,"エラー検出"
"株式会社グラッドキューブ","https://corp.glad-cube.com/toiawase_corp.html",9,"reCAPTCHA検出"
"株式会社D2C","https://www.d2c.co.jp/inquiryform/",8,"エラー検出"
"株式会社ライブレボリューション","https://inquiry.live-revolution.co.jp/",10,"エラー検出"
"アドデジタル株式会社","https://www.ad-digital.com/contact/",6,"reCAPTCHA検出"
"株式会社カラック","https://carrac.co.jp/contact/",10,"必須項目未入力1件; エラー検出"
"株式会社エニセンス","https://anysense.co.jp/contact/",4,"reCAPTCHA検出"
"株式会社CMWalker","https://www.cmwalker.co.jp/#contact",5,"reCAPTCHA検出"
"株式会社第一エージェンシー","https://daiichi-ag.co.jp/contact",10,"必須項目未入力2件; reCAPTCHA検出"