タイトル,URL,入力項目数,問題
"株式会社ミルシステム-業務内容","https://www.millsys.jp/mail/",2,"入力項目が少ない(2項目のみ); 名前・メッセージ未入力"
"盛岡事業所 | 株式会社ぴーぷる|システム開発・It技術者派遣 ...","https://www.people.co.jp/contact",2,"入力項目が少ない(2項目のみ); 名前・メッセージ未入力"
"株式会社トリココシステム 福島県郡山市のWebシステム開発 ...","https://toricoco.com/#home_inquiry",6,"messageが6回重複入力; 名前・メール未入力"
"アプリ・システム開発 | ホームページ制作・福島県郡山市のweb ...","https://www.multi.ne.jp/contact",10,"subjectが6回重複入力"
"Itで広がる可能性 株式会社アットシス","https://at-sys.co.jp/question.html",1,"入力項目が少ない(1項目のみ); 名前・メッセージ未入力"
"株式会社マクロシステム - 茨城県水戸市","https://macrosystem.co.jp/contact.html",2,"入力項目が少ない(2項目のみ)"
"Shimotechnology 土浦市 ホームページ制作 システム開発 ...","https://www.shimotechnology.com/",1,"入力項目が少ない(1項目のみ); 名前・メッセージ未入力"
"栃木県足利市でシステム開発、コンサルティング、ホーム ...","https://sens.rash.jp/inquiry.html",3,"名前・メッセージ未入力"
"会社概要-会社案内|株式会社ビッドシステム","https://www.bid.co.jp/mailform.html",2,"入力項目が少ない(2項目のみ); 名前・メール・メッセージ未入力"
"会社概要 | システム開発 アプリケーション開発 技術者派遣 ...","https://www.cioweb.co.jp/contact/",6,"telが3回重複入力"
"有限会社川口システム開発(埼玉県さいたま市南区) 概要","https://data-link-plus.com/jp/inquiry",4,"messageが3回重複入力"
"システム開発・設計・インフラ構築 | 埼玉情報サービス株式会社","https://www.sisk.co.jp/contact/",2,"入力項目が少ない(2項目のみ); 名前・メッセージ未入力"
"会社概要とアクセスマップ|うれしいシステム。JCT","https://www.jctechno.co.jp/contact/index.html",2,"入力項目が少ない(2項目のみ); 名前・メッセージ未入力"
"株式会社システムアイ|2次元・2.5次元cad・Camソフトの開発販売","https://www.system-i.co.jp/app/contact/",10,"subjectが5回重複入力; companyが3回重複入力; 名前・メッセージ未入力"
"会社概要|会社案内|日本情報システム (株)","https://www.njs-net.co.jp/contact/",5,"名前・メッセージ未入力"
"越谷のWebシステム開発 パソコンサポート","https://pc-koshigaya.com/contact.php",8,"subjectが3回重複入力"
"Drc株式会社 (埼玉県越谷市) システム機器の企画・開発・製造 ...","https://www.1saito.biz/contact",10,"subjectが5回重複入力"
"ホームページ制作・システム開発ならWebFamil【埼玉県越谷市】","https://webfamil.com/contact",1,"入力項目が少ない(1項目のみ); 名前・メッセージ未入力"
"|会社案内|DX推進のベストパートナー株式会社ヤマトシステム","https://www.yamatosystem.co.jp/contact/",3,"名前・メッセージ未入力"
"株式会社トラストシステム","https://www.trustsystem.co.jp/contact",14,"telが4回重複入力; emailが4回重複入力; messageが4回重複入力"
"株式会社ノアシステム","https://www.noasystem.com/contact.html",2,"入力項目が少ない(2項目のみ); 名前・メッセージ未入力"
"会社概要|株式会社シンワ機械 | パックシーラー トレー ...","https://www.shinwa-kikai.co.jp/inquiry/index.html",8,"emailが8回重複入力; 名前・メッセージ未入力"
"企業概要 | (株)キューブシステム","https://www.cubesystem.co.jp/contact/",6,"telが3回重複入力"
"Itインフラ・システム・ソフトウェア開発企業のオリエント ...","https://www.orient-s.co.jp/contact/",2,"入力項目が少ない(2項目のみ); 名前・メッセージ未入力"
"アイ・システム株式会社","https://www.i-system.co.jp/contact/",3,"名前・メッセージ未入力"
"株式会社シルクロード | Webシステム開発・業務システム開発","https://www.silk-road.co.jp/contact/",0,"入力が不十分"
"Top - 株式会社日本システムデザイン","https://www.n-sysdes.co.jp/otoiawase/",4,"名前・メッセージ未入力"
"株式会社エーティーティーソリューションズ朝霞営業所の ...","https://hellowork-plus.com/contact/",2,"入力項目が少ない(2項目のみ)"
"会社紹介 | 株式会社システムアドバンス","https://www.sys-ad.com/contactus/",4,"telが3回重複入力; 名前・メッセージ未入力"
"【株式会社lago(ラーゴ)】アプリ、システムの受託開発 ...","https://www.la-5.com/#Contact",4,"名前・メッセージ未入力"
"株式会社パトリオット","https://www.patriot.co.jp/contact/",2,"入力項目が少ない(2項目のみ); 名前・メッセージ未入力"
"システム・ホームページ制作 千葉|中小企業・個人事業主向け ...","https://www.element-system.co.jp/contact/",10,"messageが6回重複入力"
"神奈川県、千葉県のシステム開発会社 | 株式会社ウィザード","https://wiz-t.co.jp/contact/",12,"telが3回重複入力; emailが3回重複入力; messageが3回重複入力"
"株式会社イーゼィシステムズ","https://www.eazesystems.com/#contact",3,"名前・メッセージ未入力"
"システム開発 - Pcレスキュースペース 船橋","https://pc-rs.jp/contact/",2,"入力項目が少ない(2項目のみ)"
"Bonds Labo | 千葉県松戸市のWEB制作、システム開発","https://bonds-labo.com/contact/",9,"messageが6回重複入力"
"ヤマトシステム開発株式会社 - Dx推進の第一歩は身近な不便や ...","https://www.marketing.nekonet.co.jp/public/application/add/263",3,"名前・メッセージ未入力"
"株式会社 ジェスク","https://www.jesc-system.com/#link06",3,"名前・メッセージ未入力"
"千葉を拠点として、As400をプラットフォームにしたrpg・Web ...","https://amu-net.co.jp/amulet/contact/",3,"名前・メッセージ未入力"
"会社概要 | 株式会社ライフシステム開発","https://sys.lifegrp.jp/contact.html",1,"入力項目が少ない(1項目のみ); 名前・メッセージ未入力"
"有限会社バベッジ〜 システム開発・ソフトウェア開発 ...","https://babbage.co.jp/contact/",3,"名前・メッセージ未入力"
"システム開発 | 未来システム株式会社","https://future-system.co.jp/contact",3,"名前・メッセージ未入力"
"システム開発をハードからソフトまで|Kt-system株式会社","https://kt-sys.com/contact/",3,"名前・メッセージ未入力"
"株式会社 Ritaiz","https://www.ritaiz.com/#contact",2,"入力項目が少ない(2項目のみ)"
"株式会社ソフトエイジ|仙台|柏|東京|IT|システム開発","https://www.softage.co.jp/contact",5,"companyが3回重複入力; 名前・メッセージ未入力"
"株式会社Cuon | 業務システム開発をRuby on Railsで","https://www.cuon.co.jp/contact",4,"messageが3回重複入力; 名前・メール未入力"
"会社情報:Core Create System コア・クリエイトシステム","https://www.corecreate.com/contact/contact.php",9,"subjectが3回重複入力"
"セリオ株式会社の会社概要 - 岡山のソフトウェア開発企業 - Serio","https://serio.smktg.jp/public/application/add/230",4,"名前・メッセージ未入力"
"- Topmessage - 東京システム技研","https://www.tsl.co.jp/#contact",2,"入力項目が少ない(2項目のみ); 名前・メッセージ未入力"
"株式会社ミライタス|Ses システムエンジニアリングサービス","https://mirai-tasu.com/#contact",2,"入力項目が少ない(2項目のみ); 名前・メッセージ未入力"
"東京システムリサーチ|tsr","https://www.tsrweb.co.jp/contact/",8,"telが3回重複入力; 名前・メッセージ未入力"
"Webシステム開発とWebサイト制作の依頼・外注ならクリーヴァ ...","https://creava.co.jp/contact",3,"名前・メッセージ未入力"
"東京・福岡でソフトウェア開発/システム開発をご検討中の ...","https://system-kaihatu.com/inquiry",12,"messageが5回重複入力"
"株式会社リファクト ポータルサイト|東京・札幌|システム開発","https://www.refact.co.jp/contact",4,"名前・メッセージ未入力"
"Web・アプリ・システム開発・SES| 株式会社イノベーション","https://www.corpinnovation.jp/",1,"入力項目が少ない(1項目のみ); 名前・メール・メッセージ未入力"
"東京Laravel開発:Webサービス、業務システム、API開発まで対応","https://dx.shiro-holdings.co.jp/contact/",7,"messageが4回重複入力"
"株式会社 シャルマンシステムデザイン - 横浜のシステム開発 ...","https://www.csdcorp.co.jp/?page_id=9",2,"入力項目が少ない(2項目のみ); 名前・メッセージ未入力"
"株式会社ソフトウェアプロダクツ | システム・ソフトウェア開発","https://www.swp-ltd.co.jp/contact.html",1,"入力項目が少ない(1項目のみ); 名前・メール・メッセージ未入力"
"株式会社システム・キープ・ヤード | システム開発のご相談は ...","https://www.sky-net.co.jp/contact",8,"telが3回重複入力"
"System SOL","https://www.sys-sol.co.jp/contact/",1,"入力項目が少ない(1項目のみ); 名前・メール未入力"
"システム設計から構築、技術者派遣や請負業務。横浜西区の ...","https://hokuto-sys.co.jp/inquiry/",1,"入力項目が少ない(1項目のみ); 名前・メッセージ未入力"
"システム研究開発センター 横浜オフィス|企業情報|日鉄 ...","https://www.nssol.nipponsteel.com/cgi-bin/form/inquiry.pl",8,"emailが3回重複入力; telが3回重複入力; 名前・メッセージ未入力"
"沿革 | Jfeシステムズ株式会社","https://www.jfe-systems.com/ir/inquiry.html",1,"入力項目が少ない(1項目のみ); 名前・メール・メッセージ未入力"
"システム設計・開発・保守|株式会社プロシードエンタープライズ","https://www.proceed-e.com/contact/",11,"subjectが4回重複入力; messageが5回重複入力"
"会社情報|株式会社ウィンシステム","https://www.winsystem.jp/contact/index.php",5,"messageが3回重複入力"
"システック株式会社 - ソフトウェア開発、システム運用・保守 ...","https://www.stcinc.co.jp/contact/contact.php",2,"入力項目が少ない(2項目のみ)"
"会社概要 - informatix.co.jp","https://www.informatix.co.jp/contact-us/",3,"名前・メッセージ未入力"
"会社概要|システムインテグレーターのベニックソリューション","https://www.benic.co.jp/business/contactus/",3,"名前・メッセージ未入力"
"相模原市のWebアプリ・業務システム開発| 株式会社プーズネット","https://system.poos.net/contact.php",8,"messageが3回重複入力"
"システム開発事業 | 株式会社キャロットシステムズ|神奈川県 ...","https://www.carrotsys.co.jp/contact/",9,"subjectが3回重複入力"
"企業情報 | システム・アプリ開発の構築から運用までトータル ...","https://a-c-t.co.jp/form/form.php?situation=contact",4,"名前・メッセージ未入力"
"株式会社wown(ワオン) - 湘南でitといえばwown","https://www.wown.co.jp/contact",8,"telが3回重複入力"
"Fusic、AVILENとAIインテグレーション分野で戦略的業務提携 ...","https://fusic.co.jp/contact",20,"emailが20回重複入力; 名前・メッセージ未入力"
"核融合だけではない、日本発の次世代エネルギー技術「QHe」とは","https://linkties-holdings.com/contact/",6,"名前・メッセージ未入力"
"ソフトウェア開発|サービス|S.p.w. 株式会社システムプラン ...","https://spw.co.jp/contact/",6,"telが3回重複入力"
"企業情報 - 株式会社ライズシステム","https://www.risesystem.com/inquiry/",3,"名前・メッセージ未入力"
"大和システム(やまとシステム)株式会社 | システム開発 ...","https://www.yamato-sys.com/contact/",12,"telが3回重複入力; messageが8回重複入力"
"株式会社テクノリサーチは神奈川県小田原市のソフトウェア ...","https://tecnet.or.jp/mailform/index.html",4,"名前・メッセージ未入力"
"Top | ソタシステム株式会社|常識の上をいく 技術者集団","https://www.sota.co.jp/contact/",2,"入力項目が少ない(2項目のみ); 名前・メッセージ未入力"
"業務アプリケーション、組込み制御システムなら ...","https://www.hm-net.co.jp/contact",10,"emailが3回重複入力"
"株式会社アルコン - 新潟・東京のソフトウェア開発会社","https://alcom.co.jp/contact",2,"入力項目が少ない(2項目のみ); 名前・メール未入力"
"JCCソフト|企業課題をシステムで解決・支援","https://jccinc.co.jp/contact/",9,"messageが6回重複入力"
"【会社概要】株式会社環境システム開発","https://www.mizu-kirei.co.jp/contact.php",2,"入力項目が少ない(2項目のみ); 名前・メッセージ未入力"
"Dx支援・It推進・Aws共同開発 株式会社トラスト","https://trust-coms.com/contact/",3,"名前・メッセージ未入力"
"会社案内 | システム開発・Itサービス|ナピア情報システム ...","https://www.napia.co.jp/contact/",4,"名前・メッセージ未入力"
"「長岡システム開発センター」を開設しました - Kasix","https://www.kasix.co.jp/contact",11,"messageが7回重複入力"
"会社概要 | 株式会社システムコム","https://www.system-com.co.jp/contact/",6,"telが3回重複入力"
"新潟県長岡市 Webアプリケーション開発 株式会社ブレーク","https://break.ac/contact.php",3,"名前・メッセージ未入力"
"会社概要 | 株式会社システムエース-新潟県三条市","https://www.system-ace.co.jp/contact/",8,"messageが3回重複入力"
"株式会社ニュートラルソフトウェア","https://www.neutral-software.co.jp/contact",3,"名前・メッセージ未入力"
"三条印刷株式会社-社内システム開発 プログラマー リモート要 ...","https://1049.co.jp/contact/",10,"messageが7回重複入力"
"System Whys | ソフトウェア開発 インフラ構築・運用・保守 ...","https://www.whys-s.co.jp/contact/confirmation.php",1,"入力項目が少ない(1項目のみ); 名前・メッセージ未入力"
"株式会社ナイスシステム - Dx推進コンサルティング|業務ソフト ...","https://nice-system.co.jp/contact",3,"名前・メッセージ未入力"
"システム開発・ネットワーク構築 | 株式会社フリー・スタイル","https://www.f-style.info/contact",1,"入力項目が少ない(1項目のみ); 名前・メール・メッセージ未入力"
"システム開発・サーバー導入 富山 北陸itサポート","https://www.hitsnet.co.jp/contact.html",3,"名前・メッセージ未入力"
"株式会社金沢エンジニアリングシステムズ","https://kanazawa-es.co.jp/recruit/contact/",6,"名前・メッセージ未入力"
"AI/VR/WEBシステム開発|株式会社アイ・ツー|石川県金沢市","https://www.i2-jp.com/inquery.html",3,"名前・メッセージ未入力"
"会社情報 | Jシステム","https://www.activ-system.com/contact/",7,"messageが3回重複入力"
"ソフトウエア受託開発からネットワークの構築・各機器の ...","https://www.systemsoken.com/contact.html",3,"名前・メッセージ未入力"
"ウェーブシステム | ウェーブシステム オリジナルソフト開発 ...","https://wave-system.com/form/contact.php",4,"emailが3回重複入力; 名前・メッセージ未入力"
"トップページ - サン・ライズ・システムズ株式会社","https://srsys.jp/contact",6,"messageが3回重複入力"
"コマツIoTセンター|ICTソリューション|コマツカスタマー ...","https://kcsj.komatsu/contact",1,"入力項目が少ない(1項目のみ); 名前・メール未入力"
"会社概要 | 株式会社白山システム","https://hakusan-system.co.jp/contact",8,"telが3回重複入力"
"福井システムズ株式会社 / 自治体・教育機関向け ...","https://www.fukui-systems.co.jp/contact/",6,"telが3回重複入力"
"ユニコシステム|福井県福井市 システム企画・設計 ...","https://www.unico.co.jp/contact/",3,"名前・メッセージ未入力"
"アートテクノロジー|福井県のシステム開発 ...","https://www.art-tec.co.jp/contact/",2,"入力項目が少ない(2項目のみ)"
"システム開発|福井のWeb制作・コンサルティング会社 ...","https://tono-sama.net/contact/",3,"名前・メッセージ未入力"
"会社情報 | pure_system","https://pure-system.co.jp/mail",1,"入力項目が少ない(1項目のみ); 名前・メッセージ未入力"
"会社概要 | 貿易管理システム|アルカディアソフト開発","https://www.arcadia-soft.co.jp/contact",2,"入力項目が少ない(2項目のみ); 名前・メール・メッセージ未入力"
"株式会社甲府情報システム","https://www.kofujoho.co.jp/toiform",16,"fullNameが3回重複入力; companyが3回重複入力; emailが3回重複入力; telが3回重複入力; messageが3回重複入力"
"AndU合同会社 | 山梨県甲府市のシステム開発・アプリ開発","https://and-u.co.jp/contact/",3,"名前・メッセージ未入力"
"株式会社シンク情報システム","https://www.syncinfo.co.jp/contact",2,"入力項目が少ない(2項目のみ); 名前・メッセージ未入力"
"長野日本ソフトウエア株式会社丨長野県諏訪市に拠点を置くitと ...","https://www.nnsk.co.jp/contact/",5,"companyが3回重複入力; 名前・メッセージ未入力"
"会社情報 | 株式会社システムファイブ","https://www.system-five.co.jp/inquiry/",3,"名前・メッセージ未入力"
"長野県上田市のシステム開発ならCruw(クルー)","https://cruw.co.jp/contact",6,"messageが3回重複入力"
"クラウド型健康データ管理システム「クラウドチェックアップ ...","https://jgc-healthcare.com/contact/",5,"telが3回重複入力; 名前・メッセージ未入力"
"システム開発・内製化支援 | Ok Computer 岐阜","https://www.ok-computer.jp/contact/",8,"telが3回重複入力"
"Kscソリューションズ株式会社 | 岐阜県可児市 ネットワーク ...","https://ksc-solutions.co.jp/contact.html",2,"入力項目が少ない(2項目のみ)"
"サンカドウコンピューター株式会社 - sannkakudoucomputer","https://makoto1000.wixsite.com/sannkakudoucomputer/contact",1,"入力項目が少ない(1項目のみ); 名前・メッセージ未入力"
"ワールドビジネスソリューション","https://www.wbsnet.co.jp/contact.html",1,"入力項目が少ない(1項目のみ); 名前・メール・メッセージ未入力"
"株式会社プレシード|静岡県沼津市|システム構築 ...","https://www.precede.co.jp/contact/",3,"名前・メッセージ未入力"
"会社概要 - 株式会社イシダシステム開発","https://www.ishida-sd.co.jp/contact/",7,"telが3回重複入力"
"デジタル支援のぬくもりテクノロジー | 静岡県焼津市のit企業 ...","https://nukumori-tec.jp/contact.html",2,"入力項目が少ない(2項目のみ); 名前・メッセージ未入力"
"WEBシステム開発の株式会社レジアス","https://www.rexius.co.jp/contact/index",7,"messageが3回重複入力"
"合同システムマシン株式会社","https://www.godosystem.com/contact/contact.aspx",2,"入力項目が少ない(2項目のみ)"
"店舗開発システム有限会社","https://tenpokaihatsusystem.com/wp-admin/post.php?post=62&action=edit",1,"入力項目が少ない(1項目のみ); 名前・メッセージ未入力"
"企業情報 - 株式会社東海情報システム","https://www.tokai-is.co.jp/contact/",10,"companyが4回重複入力; messageが4回重複入力"
"Coason (コアソン) | システム開発・業務アプリケーション開発 ...","https://www.coason.com/contact.html",2,"入力項目が少ない(2項目のみ); 名前・メッセージ未入力"
"株式会社アクトス | 製造・物流業のシステム開発","https://acts.co.jp/contact.html",2,"入力項目が少ない(2項目のみ); 名前・メッセージ未入力"
"Adk富士システム株式会社 - 時代が求める情報化に貢献する ...","https://www.adf.co.jp/contact/recruit/",3,"名前・メッセージ未入力"
"組み込み開発にあらゆるソリューションを - FSI Embedded","https://www.fsi-embedded.jp/contact/?contact_type=normal",3,"名前・メッセージ未入力"
"会社概要|株式会社フジシステムズ","https://www.fujisystems.co.jp/contact/",7,"telが3回重複入力"
"富士設計株式会社 | 設計・調査・測量・情報システム開発・3 ...","https://fujiarchitect.co.jp/contact/",4,"名前・メッセージ未入力"
"システム開発|アイビス","https://ivice.co.jp/contact",2,"入力項目が少ない(2項目のみ); 名前・メッセージ未入力"
"Accessソフトウェア開発 Altium Designer販売 株式会社ジュビロ ...","https://www.jubilo.co.jp/inquiry/inquiry_db/",2,"入力項目が少ない(2項目のみ)"
"ニアショア開発|株式会社TOKAIコミュニケーションズ","https://www.tokai-com.co.jp/inquiry/",2,"入力項目が少ない(2項目のみ); 名前・メール・メッセージ未入力"
"静岡県焼津市 | Smart at | kintoneの機能拡張、システム開発 ...","https://m-sol.co.jp/smapro_pub/_link.do?i=TRNTOIAWASE_input&p=001",5,"companyが3回重複入力; 名前・メッセージ未入力"
"会社案内 | システムエンジニアリング","https://www.sys-eng.co.jp/contact/",3,"名前・メッセージ未入力"
"会社概要|株式会社アクセス情報テクノロジー","https://www.access-it.co.jp/contact/contact.html",3,"名前・メッセージ未入力"
"名古屋のシステム・アプリ開発 | creato(クリート)","https://creato-c.jp/contact",4,"messageが3回重複入力"
"名古屋のWEBアプリ・システム開発は株式会社デジカル","https://digical.jp/contact",4,"名前・メッセージ未入力"
"株式会社エスエスアイ|企業向けシステム開発 - 東海・名古屋","https://ssi.ne.jp/contact",7,"messageが3回重複入力"
"Home - 名古屋・東京・福岡のシステム開発会社 | シースリーイン ...","https://www.c3index.co.jp/contact/",3,"名前・メッセージ未入力"
"株式会社アブソリュート・システム - 名古屋にオフィスを構え ...","https://abs-inc.co.jp/contact/",7,"telが3回重複入力"
"システム開発会社 光システム | 愛知県を中心にitサービスを提供","https://hikarisys.co.jp/contact/contact.html",2,"入力項目が少ない(2項目のみ); 名前・メッセージ未入力"
"事業紹介 | システム開発 | 名古屋でシステム、アプリ開発なら ...","https://www.e-create.jp/contact/",2,"入力項目が少ない(2項目のみ); 名前・メール・メッセージ未入力"
"東京・名古屋・大阪のシステム開発やSES|株式会社GEクリエイティブ","https://mghd.ge-creative.co.jp/contact/",12,"messageが8回重複入力"
"アクティブシステム株式会社 | 名古屋のソフトウェア開発 ...","https://activesystem.co.jp/contact/",12,"companyが4回重複入力"
"パートナー募集 株式会社アイティユニバース","https://ituni-web.co.jp/contact/index.html",12,"emailが12回重複入力; 名前・メッセージ未入力"
"Ttsとは | 豊田通商システムズ株式会社","https://www.ttsystems.com/contact/",8,"messageが4回重複入力"
"株式会社 ITS | システム開発・メインフレーム・組み込み・Windows ...","https://its-system.jp/contact/",3,"名前・メッセージ未入力"
"企業案内 -レックスシステム","https://www.rex-system.co.jp/Scripts/Inquiry/input.aspx",10,"emailが3回重複入力"
"愛知県一宮市のWEB制作・システム開発 | tiny-p","https://tiny-p.com/#contact",6,"messageが3回重複入力"
"株式会社エミリーズ | Webシステムの開発・ホームページ作成 ...","https://ems-it.jp/#contact",2,"入力項目が少ない(2項目のみ); 名前・メッセージ未入力"
"株式会社クリオ | 基板設計・製造&ハード・ソフト開発ならお任せ","https://www.cli-o.com/contact/",4,"名前・メッセージ未入力"
"会社案内|中部システム工業株式会社","https://www.chubusystemkogyo.co.jp/inquiry.html",1,"入力項目が少ない(1項目のみ); 名前・メール未入力"
"システム開発 | オークシステム株式会社","https://www.oac.co.jp/contact/",12,"subjectが8回重複入力"
"豊橋テクノサイエンス - システム開発・コンピュータ関連製品 ...","https://www.t2s.jp/feedback/index.html",1,"入力項目が少ない(1項目のみ); 名前・メッセージ未入力"
"【愛知・豊橋】ホームページ制作、システム開発|顧客管理 ...","https://www.databrain.co.jp/contact.php?toiawase_type=contact",4,"名前・メッセージ未入力"
"有限会社 ウィンテック(豊橋市のソフトウェア開発・製造 ...","https://win-tec.jp/contact.html",3,"名前・メッセージ未入力"
"愛知県豊橋市で格安ホームページ制作やシステム開発なら ...","https://mixq.net/contact.php",9,"messageが5回重複入力"
"会社概要・沿革|マッハシステムの導入は信頼と実績の ...","https://fh-a.net/contact/",11,"messageが7回重複入力"
"安城市のソフトウェア開発|リアルシステム株式会社","https://real-system.co.jp/contact/",2,"入力項目が少ない(2項目のみ)"
"コムカム|愛知県豊川市のソフトウェア制作会社","https://www.com2.co.jp/contact",3,"名前・メッセージ未入力"
"会社紹介 | Ants Engineering【アンツエンジニアリング】","https://ants-engineering.co.jp/form/",6,"telが3回重複入力"
"当社について | 株式会社sbr テクノロジー","https://sbr.technology/contact",3,"emailが3回重複入力; 名前・メッセージ未入力"
"住理工情報システム株式会社","https://www.sumitomoriko.co.jp/contact/index.php?ctg=15&page=input",3,"名前・メッセージ未入力"
"株式会社 Isu | 三重県津市のソフトウェア開発&システム構築","https://www.i-s-u.co.jp/contact/index.html",3,"名前・メッセージ未入力"
"株式会社ミエ・システム|三重県四日市市でシステム開発・運用","https://miesystem.com/contact/",4,"名前・メッセージ未入力"
"中部システム・エンジニアリング (株)","https://chubu-se.com/mailformpro/mailsend.html",4,"名前・メッセージ未入力"
"四日市市で行われている再開発工事とは?目的や内容を徹底 ...","https://mietime.net/contact",4,"名前・メッセージ未入力"
"ホームページ制作・DXシステム開発・Webデザインのことなら ...","https://www.firstinc.jp/contact/",2,"入力項目が少ない(2項目のみ); 名前・メッセージ未入力"
"設計、開発、保守をこなすシステム会社|株式会社エステック","https://www.steccorp.co.jp/contact/",2,"入力項目が少ない(2項目のみ)"
"株式会社ニシカワ (三重県亀山市) | 各種制御システム設計&制御 ...","https://nishikawa-auto.com/contact",3,"名前・メッセージ未入力"
"""""""家でも外でも使える""""""""機能するお皿""""""""が誕生陶器のような美し ...""""""","https://supportcenter.excite.co.jp/portal/ja/newticket?departmentId=2965000000186029&layoutId=2965000000191314",2,"入力項目が少ない(2項目のみ); 名前・メッセージ未入力"
"Itシステム事業 | 松阪興産株式会社","https://www.matsusaka-kosan.co.jp/contact/contact.php",3,"名前・メッセージ未入力"
"住友セメントシステム開発株式会社(略称:スミテム)","https://www.sumitem.co.jp/contact/",4,"名前・メッセージ未入力"
"JA滋賀情報システムセンター","https://www.jashiga.co.jp/https/contact.html",2,"入力項目が少ない(2項目のみ); 名前・メッセージ未入力"
"システム開発、Webシステム開発の株式会社buzz Garage ...","https://www.buzz-garage.co.jp/contact/index.html",1,"入力項目が少ない(1項目のみ); 名前・メッセージ未入力"
"Pivot - Web・アプリ・システムのui・Uxデザイン企画・開発","https://pivot.jp/contact",19,"messageが4回重複入力; companyが10回重複入力"
"株式会社サイエン | はんだ修理・電子応用開発・Pcサポート ...","https://scien.co.jp/contact/",2,"入力項目が少ない(2項目のみ); 名前・メッセージ未入力"
"事業内容|株式会社ファーストシステム","https://www.f-system.co.jp/contact",3,"名前・メッセージ未入力"
"株式会社 二二システムデザイン - お客さまに代わってホーム ...","https://nini-design.com/#contact",2,"入力項目が少ない(2項目のみ)"
"システム開発|京都|アイ・オーシステム株式会社","https://www.iosystem.co.jp/form",2,"入力項目が少ない(2項目のみ); 名前・メッセージ未入力"
"京都のシステム会社|株式会社アクシス|ACSYS Inc.","https://www.acsys.kyoto.jp/contact/",2,"入力項目が少ない(2項目のみ); 名前・メッセージ未入力"
"京都・滋賀のシステム開発|Auto-IDフロンティア株式会社","https://www.id-frontier.jp/contact",6,"telが3回重複入力"
"システム開発・運用管理 | 京都工業株式会社","https://www.kyotokogyo.co.jp/contact/",5,"telが3回重複入力; 名前・メッセージ未入力"
"京都のWebサービス/業務システム開発ならサーバーリンク(京都 ...","https://www.serverlink.co.jp/contact/index.php",2,"入力項目が少ない(2項目のみ); 名前・メッセージ未入力"
"八王子市にあるIT企業 | システム開発 - Infinityloop","https://www.infinityloop.co.jp/inquiry",5,"名前・メッセージ未入力"
"宇部情報システム|製造業向け業務システム開発・運用","https://www.uis-inf.co.jp/contact/contact/",1,"入力項目が少ない(1項目のみ); 名前・メール・メッセージ未入力"
"亀岡 文彦 | メンバー | 株式会社先駆|ウェブサイト制作 ...","https://senku.jp/contact/",12,"messageが9回重複入力"
"大阪のシステム開発会社 コアース","https://coeure.co.jp/contact.html",8,"companyが3回重複入力"
"システム開発 大阪|株式会社リーディ","https://www.ridi.co.jp/contact.php",3,"名前・メッセージ未入力"
"Tipsシステム株式会社|大阪・東京のソフトウェア開発会社|Se ...","https://tips-system.co.jp/contact.html",5,"名前・メッセージ未入力"
"株式会社ウイズ | 大阪/システム開発/Web企画構築/営業販促 ...","https://www.wiznet.co.jp/contact/",6,"telが3回重複入力"
"株式会社マクロアーク|大阪のシステム開発会社","https://macroarc.co.jp/contact.html",1,"入力項目が少ない(1項目のみ); 名前・メッセージ未入力"
"スキルシステムズ | システム構築、Ec構築、It顧問","https://www.skill-systems.co.jp/contact/?post_id=17",1,"入力項目が少ない(1項目のみ); 名前・メッセージ未入力"
"大阪の業務システム開発|株式会社C&Dシステムサポート","https://c-dss.co.jp/contact.html",2,"入力項目が少ない(2項目のみ)"
"大阪のシステム開発なら 株式会社ウィズテクノロジー","https://www.whizz-tech.co.jp/contact",3,"名前・メッセージ未入力"
"オーダメイドのWEBシステム開発|ジョイディア","https://joydea.jp/contact",8,"subjectが3回重複入力"
"会社概要|ソフトウェア受託開発・パッケージ適用|システム ...","https://www.systemgear.com/soft/contact.html",6,"名前・メッセージ未入力"
"Code-base | 大阪府堺市 | Web制作・システム開発・It顧問","https://code-base.jp/contact/",5,"telが3回重複入力"
"株式会社ファイン | Webシステム・スマホアプリ・ゲームの開発会社","https://www.fine-net.com/contact/",8,"telが3回重複入力"
"webシステム開発:::ホームページ制作 大阪府堺市 デジタルファクトリー","https://www.digital-factory.jp/inquiry/index.cgi",6,"emailが4回重複入力; 名前・メッセージ未入力"
"会社概要・拠点|システム開発・インフラ・ERP・SIは情報技術社","https://www.ict-co.co.jp/contact",4,"名前・メッセージ未入力"
"会社概要 | 会社案内 | 株式会社ファインシステム","https://finesystem.co.jp/contact/index_for_b.html",4,"名前・メッセージ未入力"
"Home :: bitset","https://bitset.jp/contact",1,"入力項目が少ない(1項目のみ); 名前・メッセージ未入力"
"会社概要 - Web制作会社ネコシステム","https://www.neko-system.com/otoiawase/index.html",11,"companyが7回重複入力"
"会社概要|システム開発のポラリス","https://polaris-inc.jp/contact/",7,"telが3回重複入力; 名前・メッセージ未入力"
"株式会社バース|システムコンサルティング、ソフトウェア ...","https://www.birth-inc.co.jp/contact.php",6,"messageが4回重複入力"
"株式会社relation - システム開発からデザインまでワンストップで ...","https://www.relation2012.com/contact/",17,"companyが3回重複入力; subjectが10回重複入力"
"モフィーシステム開発","https://mofy-sysdev.jp/contact/",3,"名前・メッセージ未入力"
"Adkマーケティング・ソリューションズ、コンサル事業や ...","https://www.adkms.jp/ask/",9,"messageが5回重複入力"
"iPhoneアプリ開発 大阪|ホームページ制作|株式会社ドラプロ","https://www.dorapro.co.jp/mail.php",2,"入力項目が少ない(2項目のみ); 名前・メッセージ未入力"
"エイト日本技術開発|価値ある環境を未来に","https://www.ejec.ej-hds.co.jp/contact",3,"名前・メッセージ未入力"
"オーバルクリエイティブソフト株式会社|システム開発 ...","https://www.ovalcs.co.jp/contact/",9,"messageが3回重複入力; companyが3回重複入力"
"会社案内 | システム神戸合同会社","https://systemkobe.com/contact/",7,"companyが3回重複入力"
"株式会社サンシャインシステム | 在庫管理・販売管理・生産管理","https://www.sunshinesystem.co.jp/form/",1,"入力項目が少ない(1項目のみ); 名前・メッセージ未入力"
"神戸ITシステム開発課","https://kobesys.com/guide/contact",2,"入力項目が少ない(2項目のみ)"
"会社概要|システム・ソフトウェア開発の有限会社システム ...","https://www.sysplanet.co.jp/inquiry.php",3,"名前・メッセージ未入力"
"岡山 神戸 大阪のシステム開発は株式会社キャップインフォへ","https://capinfo.co.jp/mail.html",4,"名前・メッセージ未入力"
"姫路市のホームページ制作・システム開発会社 創報堂","https://www.souhoudou.jp/inquiry/",1,"入力項目が少ない(1項目のみ); 名前・メール・メッセージ未入力"
"姫路市のシステム開発会社:有限会社エービーユー(ABU)","https://www.abu.co.jp/contact/",2,"入力項目が少ない(2項目のみ); 名前・メッセージ未入力"
"株式会社三光システム | 業務システム開発、Web ...","https://333022.jp/customer/index.html",5,"名前・メッセージ未入力"
"株式会社アストロ | 課題を解決するシステム開発 ...","https://astroinc.co.jp/contact/",2,"入力項目が少ない(2項目のみ); 名前・メッセージ未入力"
"産業システム事業 - 株式会社 姫路abc商会 (姫路 ...","https://hjabc.co.jp/?page_id=387",1,"入力項目が少ない(1項目のみ); 名前・メール・メッセージ未入力"
"アソート株式会社","https://asort.co.jp/contact/contact.html",2,"入力項目が少ない(2項目のみ)"
"組織案内 | ピコシステム株式会社","https://www.picosystem.co.jp/corporate/contact/",1,"入力項目が少ない(1項目のみ); 名前・メッセージ未入力"
"会社沿革 | 株式会社フレックスシステムファーム","https://www.fs-farm.co.jp/contact/",4,"名前・メッセージ未入力"
"株式会社エフエスティ|お客様の立場に立ったシステムを構築 ...","https://www.fujisofttech.co.jp/form.php?pid=1",4,"名前・メッセージ未入力"
"株式会社システムステージ","https://www.tesmic-ss.co.jp/contact/",12,"subjectが6回重複入力"
"会社概要 | マゼランシステムズジャパン株式会社|cm級の高精度 ...","https://www.magellan.jp/contact",3,"名前・メッセージ未入力"
"格安ホームページ制作・ウェブシステム開発|兵庫 神戸 明石 ...","https://www.ah-key.com/contact/",5,"名前・メッセージ未入力"
"株式会社 ファインシステムでソフト開発・ホームページ作成 ...","https://fine-system.co.jp/contact/",0,"入力が不十分"
"会社概要 | webデータベースによるIT業務支援システム開発 兵庫 ...","https://r-evo.jp/inquiry/",1,"入力項目が少ない(1項目のみ); 名前・メッセージ未入力"
"Web制作・システム開発・アプリ制作|株式会社エンマ ...","https://enmaproject.co.jp/contact.html",2,"入力項目が少ない(2項目のみ); 名前・メッセージ未入力"
"日本システム開発株式会社(Jsd) | 役員改選のお知らせ","https://www.jsdnet.co.jp/contactus/",8,"messageが5回重複入力"
"会社概要 - 有限会社ニューセンサー開発","https://www.new-sensor.com/inquiry",2,"入力項目が少ない(2項目のみ); 名前・メッセージ未入力"
"会社概要 - 株式会社システム・スクゥェアー","https://sys-square.co.jp/contact/",4,"名前・メッセージ未入力"
"システムシステムソリューション | 株式会社ウェルアソシエイツ","https://www.wat-2006.jp/contact/index.html",3,"名前・メッセージ未入力"
"会社概要 | 株式会社アスタリスク IoT×AsReader=DX","https://www.asx.co.jp/inquiry/",4,"名前・メッセージ未入力"
"川西 - お問合せ:Webシステム制作開発 ホームページ制作 ...","https://e-na123.com/contact.html",2,"入力項目が少ない(2項目のみ); 名前・メッセージ未入力"
"株式会社エイプルジャパン [拠点所在地] [システム開発 ...","https://www.apl.co.jp/inquiry/index.html",2,"入力項目が少ない(2項目のみ)"
"東京本社|会社情報|システムづくりにおもいやり 株式会社 ...","https://www.humansystem.com/contact/",11,"messageが8回重複入力"
"Ndiソリューションズ株式会社: 会社概要","https://www.ndisol.jp/contact/",7,"emailが7回重複入力; 名前・メッセージ未入力"
"システム販売/開発 | 奈良oaシステム株式会社","https://www.naraoa.co.jp/contact.html",11,"companyが3回重複入力; messageが5回重複入力"
"日本ソフトウェア開発株式会社 | well-jsd公式webサイト","https://welljsd.com/index.html#form5-g",2,"入力項目が少ない(2項目のみ)"
"M&Lソリューションズ株式会社","https://mlsol.jp/contact/",2,"入力項目が少ない(2項目のみ)"
"会社概要 - 一般社団法人生駒システムサポート","https://www.ikomasystemsupport.com/question/",6,"companyが3回重複入力"
"和歌山のシステム開発|ミューズインフォメーションサービス ...","https://www.muse.gr.jp/inquiry.html",2,"入力項目が少ない(2項目のみ)"
"トップページ - Alpha Systems","https://www.alpha-systems.co.jp/contact/",2,"入力項目が少ない(2項目のみ)"
"株式会社鳥取メカシステム - 自動機製造を設計から ...","https://torimeka.jp/inquiry/",6,"messageが3回重複入力"
"ホーム | TOA Software","https://www.toasoft.co.jp/contact",3,"名前・メッセージ未入力"
"防災行政無線システム|システム開発|鳥取倉吉の ...","https://www.apionet.or.jp/apion_form/contact.html",2,"入力項目が少ない(2項目のみ); 名前・メッセージ未入力"
"米子・鳥取・松江|ホームページ、システム|東京印刷株式会社","https://tokyop-eb.com/toiawase/",4,"名前・メッセージ未入力"
"米子アリーナ | Web制作&システム開発 - 有限会社Willさんいん","https://www.will3in.co.jp/production/contact/",15,"emailが15回重複入力; 名前・メッセージ未入力"
"和幸情報システム株式会社","https://www.wisys.co.jp/contact/",9,"emailが8回重複入力"
"Itoc しまねソフト研究開発センター","https://www.s-itoc.jp/form/inquiry/",7,"messageが4回重複入力"
"チーム出雲オープンビジネス協議会|【全国対応】システム ...","https://www.team-izumo.shimane.jp/contact/index",15,"emailが15回重複入力; 名前・メッセージ未入力"
"岡山のシステム・アプリ開発会社 | 株式会社せとうちシステム","https://www.setouchisystem.co.jp/inquiry/entry/",2,"入力項目が少ない(2項目のみ); 名前・メール未入力"
"株式会社システムエンタープライズ | 岡山のシステム開発ならsec","https://www.s-enter.com/contact",8,"messageが3回重複入力"
"トップページ | 岡山のシステム開発エーワンソフト株式会社","https://aone-soft.co.jp/contact/",4,"名前・メッセージ未入力"
"日本ITシステム株式会社-システム開発・Web制作","https://japan-it.org/contact.php",3,"名前・メッセージ未入力"
"VigorPlaceは岡山のシステム開発の会社です","https://www.vigorplace.com/FormMail/contact/FormMail.html",2,"入力項目が少ない(2項目のみ); 名前・メッセージ未入力"
"岡山 Dx・It活用 | ちぃと気が利く玄人集団 エムアンドシー ...","https://www.mandc.co.jp/contact.html",7,"telが3回重複入力"
"企業情報 | システックitソリューション株式会社","https://systech-its.co.jp/contact.php",3,"名前・メッセージ未入力"
"テクノアーツ津山 / デジタル総合印刷株式会社","https://www.ta-tsuyama.jp/contact.html",3,"名前・メッセージ未入力"
"Magicシステム開発:株式会社エコー・システム(広島・東京 ...","https://www.echosystem.co.jp/contact/",3,"名前・メッセージ未入力"
"株式会社サンエスシステム | モノづくりの現場のシステム開発 ...","https://www.3s-system.co.jp/contact",5,"telが3回重複入力"
"株式会社アイエム | アプリ、システム開発、アウトソーシング","https://imcorp.jp/#contact",2,"入力項目が少ない(2項目のみ)"
"株式会社NextCode - 福山市のHP制作・システム開発","https://next-code.jp/contact",10,"messageが6回重複入力"
"株式会社srs - Itソリューションで未来を創協","https://srs-inc.co.jp/contact.html",8,"messageが4回重複入力"
"広島県福山市のecサイト・オークション・アプリ制作会社 ...","https://www.dreamnets.co.jp/contact/",18,"messageが17回重複入力; 名前・メール未入力"
"システム開発 | 株式会社コトブキソリューション","https://www.ksol.jp/contact/",6,"名前・メッセージ未入力"
"株式会社スペック | 山口県宇部市でシステムやソフトウェアの ...","https://spec-net.co.jp/contact/",2,"入力項目が少ない(2項目のみ)"
"システム開発・ホームページ制作・Itコンサルティング | 有限 ...","https://tt-inc.co.jp/contact/",6,"telが3回重複入力"
"会社概要|情報システム株式会社","https://iscnet.co.jp/contact/",3,"入力が不十分"
"自社開発製品について 山口県 周南市で計測器の販売・レンタル ...","https://www.systemkeisoku.co.jp/contact/",5,"名前・メッセージ未入力"
"AR・Web制作会社 - プラージュ","https://www.prage.jp/contact",4,"名前・メッセージ未入力"
"有限会社 エヌ・ケイ・システム 【公式】 Home","https://nksystem.info/contact.php",3,"名前・メッセージ未入力"
"有限会社システムウイング","https://systemwing.sakura.ne.jp/mail/contact.html",2,"入力項目が少ない(2項目のみ); 名前・メッセージ未入力"
"会社概要 - K システム ソリューション","https://www.ksysllc.co.jp/contact",3,"emailが3回重複入力; 名前・メッセージ未入力"
"企業情報 - 会社概要|三光システム","https://sankou-sys.co.jp/contact",2,"入力項目が少ない(2項目のみ)"
"ソフトウェア開発 | 製品・サービス - 株式会社コヤマシステム","https://www.kym-sys.co.jp/contact/",0,"入力が不十分"
"三好製作所|Webクラウドシステム開発ならおまかせ|香川県 ...","https://www.miyoshifactory.co.jp/contact/",2,"入力項目が少ない(2項目のみ); 名前・メッセージ未入力"
"インスリット Linux Web開発 香川県丸亀市","https://www.inslit.co.jp/inquiry/index.html",3,"名前・メール未入力"
"コンピューターシステム(株)|愛媛県松山市のソフトウェア ...","https://www.jcsc.co.jp/contact/",10,"messageが5回重複入力"
"株式会社ユイ・システム工房 - 愛媛県松山市|システム開発 ...","https://www.yui-system.jp/?anchor=contact",3,"名前・メッセージ未入力"
"株式会社ブレイン Brain Inc. |システム開発・顧客管理","https://www.brain.ne.jp/contact/",4,"名前・メッセージ未入力"
"松山市|システム開発|(株)リーフウェブ|顧客表データ管理 ...","https://leaf-web.net/contact.html",2,"入力項目が少ない(2項目のみ); 名前・メッセージ未入力"
"松山市のホームページ制作 | 株式会社itc","https://japanitc.com/contact",4,"名前・メッセージ未入力"
"WebRTCのシステム開発なら! セーバー株式会社","https://www.saver.jp/contact/",2,"入力項目が少ない(2項目のみ); 名前・メッセージ未入力"
"システムエンジニアリング事業|株式会社シーライブ - Sealive","https://sealive.lmsg.jp/form/26488/QqyrZAov",3,"名前・メッセージ未入力"
"会社案内 | 株式会社 ゼロシステム","https://zerostart.jp/zerosystem/contact/",10,"messageが6回重複入力"
"福岡 システム開発|エモーションウェーブ株式会社|Emotion ...","https://www.uewave.com/contact/index.html",2,"入力項目が少ない(2項目のみ); 名前・メッセージ未入力"
"株式会社ビットキューブ|福岡のシステム開発会社","https://www.bitqube.co.jp/%E3%81%8A%E5%95%8F%E3%81%84%E5%90%88%E3%82%8F%E3%81%9B",6,"emailが3回重複入力"
"福岡のシステム開発は株式会社ブラテック","https://www.bratech.co.jp/contact/",7,"messageが4回重複入力"
"株式会社エヌ・エス・エックス|システム開発・構築企画・Web ...","https://www.nsx-net.co.jp/contact/index.html",2,"入力項目が少ない(2項目のみ); 名前・メッセージ未入力"
"福岡県のシステム開発会社|株式会社egoba","https://egoba.co.jp/contact.html",5,"入力が不十分"
"福岡の受託システム開発・Awsインフラ 株式会社motocle ...","https://motocle.com/contact/",1,"入力項目が少ない(1項目のみ); 名前・メッセージ未入力"
"株式会社スティレリベロ|福岡・久留米|システム開発|IT","https://stile-libero.jp/contact/",2,"入力項目が少ない(2項目のみ)"
"システム開発 福岡/株式会社エーシーティー","http://www.kk-act.jp/contact/index.html",2,"入力項目が少ない(2項目のみ); 名前・メッセージ未入力"
"株式会社スミリオン | Webシステム・ソフトウェア開発ができる ...","https://smillione.co.jp/contact/",4,"名前・メール未入力"
"福岡システム開発会社|株式会社ノードキャスト|トップページ","https://nodecast.jp/contact/formmain",6,"emailが3回重複入力"
"株式会社コスモウェーブ | システム開発・エネルギー管理 ...","https://www.cosmo-w.co.jp/inquiry/index.php",3,"名前・メッセージ未入力"
"トップページ|Azureに強い福岡のシステム開発会社 | 株式会社 ...","https://withwonder.co.jp/contact/",13,"companyが3回重複入力; telが3回重複入力; messageが4回重複入力"
"株式会社JCA|福岡のシステム開発会社","https://www.nzkjca.co.jp/contact/",2,"入力項目が少ない(2項目のみ)"
"会社概要|株式会社システムサイエンス|福岡県北九州市 ...","https://s-science.com/contact/",1,"入力項目が少ない(1項目のみ); 名前・メッセージ未入力"
"北九州のシステム開発・ソフトウェア開発|ゼンリンマップテック","https://www.z-mtech.co.jp/contact",1,"入力項目が少ない(1項目のみ); 名前・メッセージ未入力"
"システム開発 | ソリューション北九州","https://www.solution-ktq.co.jp/contact/",5,"名前・メッセージ未入力"
"北九州 株式会社pclec 【システム開発】","https://pclecture.com/mail.html",2,"入力項目が少ない(2項目のみ); 名前・メッセージ未入力"
"株式会社ガーマンドシステム|システム開発やウェブサイト制作","https://garmand.co.jp/contact/",2,"入力項目が少ない(2項目のみ); 名前・メール未入力"
"エスジョイシー株式会社 | 福岡県北九州市のAIとIoTと ...","https://www.sjoyc.com/contact/",2,"入力項目が少ない(2項目のみ); 名前・メッセージ未入力"
"会社概要|(株)パシフィックシステム|福祉系パッケージソフト ...","https://pacific-system.com/pages/215/",2,"入力項目が少ない(2項目のみ); 名前・メッセージ未入力"
"久留米情報システム株式会社","https://www.kisc.co.jp/contact/",27,"emailが27回重複入力; 名前・メッセージ未入力"
"株式会社SICシステム","https://sic-system.co.jp/contact/",4,"名前・メッセージ未入力"
"九州ソフトウェア株式会社 - 佐賀県佐賀市","https://www.qsw.co.jp/contact/",2,"入力項目が少ない(2項目のみ); 名前・メッセージ未入力"
"システム開発 | 株式会社サインズ | 佐賀のホームページ制作会社","https://sainsweb.jp/contact/index.html",6,"telが3回重複入力; 名前・メッセージ未入力"
"佐賀県でシステム開発をお考えなら! | ハーモフィル株式会社","https://mizouchi-system.com/contact/",3,"名前・メッセージ未入力"
"アイシス株式会社 | 佐賀市 - システム開発 ホームページ作成 ...","https://www.isys-s.jp.net/form",4,"名前・メッセージ未入力"
"会社情報|株式会社グローブネットシステム","https://www.globenetsys.co.jp/contact/",8,"fullNameが4回重複入力"
"株式会社アーチス|システムインテグレーションサービス (Si ...","https://www.arches-jp.com/contact.html",2,"入力項目が少ない(2項目のみ)"
"佐賀・福岡でweb・システム開発なら、最安級ご提供をしている ...","https://autonomous-saga.jp/contact/",2,"入力項目が少ない(2項目のみ)"
"Eight Prism | システム開発やweb制作をワンストップ","https://eightprism.main.jp/contact.html",1,"入力項目が少ない(1項目のみ); 名前・メール・メッセージ未入力"
"Nbc情報システム株式会社|長崎県 長崎市のシステム開発 ...","https://www.nbcis.co.jp/contact/",9,"messageが5回重複入力"
"熊本システム株式会社","https://kumamoto-system.com/contact/",4,"名前・メッセージ未入力"
"熊本のアプリ開発・システム開発・ホームページ制作 ...","https://www.nt-studio.com/contact-us/",12,"messageが7回重複入力"
"熊本事業所 | 株式会社ナレッジクリエーションテクノロジー(Kct)","https://jpkct.com/contact",2,"入力項目が少ない(2項目のみ)"
"株式会社mob | 鹿児島県姶良市のweb制作会社","https://mobinc.jp/contacts",14,"messageが4回重複入力"