会社名,URL,入力項目数,名前,メール,メッセージ,会社名入力,電話
"KURO HOLDINGS株式会社","https://kuroholdgs.jp/contact",8,○,○,○,○,○
"Tety株式会社","https://tety.co.jp/#contact",6,○,○,○,○,×
"株式会社GASY","https://gasy.jp/contact/",7,○,○,○,○,○
"株式会社ウェブリカ","https://webrica.jp/contact/",5,○,○,○,○,×
"ニューエイジ・ディー・シー株式会社","https://newagedc.net/contact.html",4,×,○,○,×,×
"トビラマーケティング","https://tour-travelworld.com/contact/",5,○,○,○,○,×
"株式会社seica","https://seica-growth.co.jp/#contact",5,○,○,○,○,○
"株式会社アンソリュート","https://unsolute.co.jp/contact",5,○,○,○,×,×
"株式会社SGP","https://sgp-net.com/contact/",5,○,○,○,○,○
"メディアクロス株式会社","https://medi-cro.jp/contact/",12,○,○,○,○,○
"合同会社ロケットボーイズ","https://rocket-boys.co.jp/contact/",8,○,○,○,○,○
"Plastant株式会社","https://plastant.com/contact/",5,○,○,○,○,○
"リードプラス株式会社","https://www.leadplus.co.jp/inquiry",11,×,○,○,○,○
"NERD株式会社","https://nerd.co.jp/contact",6,○,○,○,○,○
"snuggle株式会社","https://snuggle-inc.co.jp/contact/",4,○,○,○,×,×
"snuggle株式会社","https://snuggle-inc.co.jp/contact/",4,○,○,○,×,×
"株式会社ママクリエイターラボ","https://mama-creator.com/business#contact",4,○,○,○,○,×
"株式会社toU","https://tooou.co.jp/contact",8,○,○,○,○,○
"株式会社コロンバスプロジェクト","https://www.columbusproject.co.jp/contact/",6,○,○,○,○,○
"株式会社TONOSAMA","https://tono-sama.net/contact/",7,○,○,○,○,○
"株式会社 オーエス","https://oscorporation.com/inquiry/contact/",12,○,○,○,○,×
"株式会社バースタイプ","https://verse-type.co.jp/contact/",6,○,○,○,○,○
"株式会社AppleTea","https://appletea.tokyo/#contact",3,○,○,○,×,×
"株式会社CCG C.REP","https://ccg-crep.jp/contact",7,○,○,○,○,○
"株式会社ビジョン_463897","https://snsunyo.com/lp#Contact",6,×,○,○,○,○
"株式会社アドプラス","https://ad-plus.net/lp/adp_2/#form",5,○,○,○,○,○
"LBJ株式会社","https://www.lovebj.co.jp/",7,○,○,○,○,○
"株式会社アドレクス","https://ad-rex.com/contact",10,○,○,○,○,○
"GIGA株式会社","https://giga-tokyo.jp/contact/",9,○,○,○,○,○
"株式会社Liforld","https://liforld.site/company#contact",4,○,○,○,×,○
"株式会社デジタリフト","https://digitalift.co.jp/contact/post-ir/",5,○,○,○,○,○
"株式会社Zインディペンデンス","https://www.z-idp.com/contact",5,×,○,○,○,×
"株式会社WiUs","https://wius.co.jp/digital-marketing/#contact",5,○,○,○,○,×
"アントプロダクション株式会社","https://ant-production.co.jp/contact",5,○,○,○,×,○
"株式会社イノベーター･ジャパン","https://www.innovator.jp.net/contact",7,○,○,○,○,○
"株式会社リトラ","https://corporate.re-tra.com/contact/",8,○,○,○,○,○
"BeBiz株式会社","https://bebiz.jp/contact/",6,○,○,○,○,×
"株式会社プライムリード","https://prime-lead.co.jp/contact",4,○,○,○,×,×
"株式会社らいとなう","https://right-now.jp/contact",6,○,○,○,○,○
"株式会社リソグラ","https://risogra.co.jp/form/",6,○,○,○,○,○
"株式会社ウェブリッジ","https://www.w-bridge.co.jp/contact",6,○,○,○,○,○
"株式会社トヨプラ","https://toyopla.co.jp/contact",5,○,○,○,○,○
"タッチスポット株式会社","https://touchspot.jp/contact",5,○,○,○,○,○
"KTM Consulting合同会社","https://small-bizmagazine.com/contact/",6,○,○,○,○,○
"株式会社ジーニー","https://chikyu.net/form/?link=footerContact",9,×,○,○,○,○
"株式会社セントラム","https://centrum.co.jp/contact/",4,○,○,○,×,○
"ダブルビーゼット株式会社","https://doublebz.com/",4,○,○,○,×,○
"株式会社ベストクルーズ","https://www.bestcrews.co.jp/contact",8,○,○,○,○,○
"con-west","https://con-west.jp//contact",8,○,○,○,○,○
"株式会社ホンシツシコウ","https://essential-thinking.jp/contact",7,○,○,×,○,○
"株式会社Gypsow","https://gypsow.co.jp/contact/",5,○,○,○,○,○
"株式会社ファインリンク","https://fine-link.net/contact/",6,○,○,○,○,○
"エンリッチ株式会社","https://enrichinc.net/contact/",5,○,○,○,○,○
"株式会社ディライトソリューションズ","https://delight-solutions.co.jp/ev/contact/",6,○,○,○,○,○
"株式会社ココエ","https://www.cocoe.co.jp/contact/",6,○,○,○,○,○
"株式会社ノベルティ","https://noveltyinc.jp/contact",13,○,○,○,○,○
"アウンコンサルティング株式会社","https://www.auncon.co.jp/ir/contact-ir/",12,×,○,○,○,○
"株式会社セルフアチーブ","https://selfachieve.jp/contact",7,○,○,○,○,○
"株式会社ファランクス","https://phalanx.co.jp/contact",10,○,○,○,○,×
"株式会社ナムコミュニケーション","https://namujapan.com/contact",7,○,○,○,○,○
"株式会社中屋","https://remacre.jp/contact/",5,○,○,○,×,○
"一般社団法人Honmono協会","https://www.honmono-all.com/hojyokin",5,○,○,×,×,×
"合同会社Gクラウド","https://gcloud-web.com/contact.html",5,○,○,○,○,○
"ビー・キューブ株式会社","https://be-cube.jp/contact/",8,○,○,○,○,○
"株式会社カラバオ","https://carabao.co.jp/contact/",5,○,○,×,○,○
"株式会社ILLEST PLUS","https://www.illestplus.com/contact/",6,○,○,○,○,○
"モアフィールド株式会社","https://more-field.co.jp/contact/",7,○,○,○,○,○
"株式会社Asian Bridge","https://asianbridge.co.jp/contact/",8,○,○,○,○,○
"株式会社フォーウェイ","https://forway.co.jp/contact/",6,○,○,○,○,○
"SOPHOLA株式会社","https://sophola.jp/contact/",7,○,○,○,○,○
"ZEAL株式会社","https://www.zeal-ltd.co.jp/contact",5,○,○,○,○,×
"株式会社コミクス","https://www.comix.co.jp/contact/",5,○,○,○,○,○
"株式会社リンクフォース","https://www.linkforce.co.jp/contact/contact.php?type=c1",7,○,○,○,○,○
"株式会社STUN","https://stun.jp/contact/",8,○,○,○,○,○
"株式会社トゥモローウォーター","https://tomorrowater.co.jp/contact.html",5,○,○,○,×,○
"Y&I Group株式会社","https://y-i-group.co.jp/contact/",7,○,○,○,○,○
"株式会社クロスウォーク","https://www.crosswalk.co.jp/contact/",7,○,○,○,○,○
"株式会社いえらぶGROUP","https://www.ielove-group.jp/contact/",7,○,○,○,○,○
"株式会社 ライズエージェンシー","https://www.riseagency.co.jp/contact",5,○,○,○,○,○
"ZOOST株式会社","https://zoost.inc/contact/",11,○,○,○,○,×
"ユニモン株式会社","https://unimon.co.th/en/contact",7,×,○,○,○,○
"株式会社アーバン企画","https://www.urban-sp.jp/contact/",7,○,○,○,○,○